{"code": 1, "msg": "操作成功！", "data": [[1583164800000, 5.380660606576781], [1583769600000, 5.384163802588603], [1584374400000, 5.386308977906449], [1584979200000, 5.388374514777668], [1585584000000, 5.390435381409172], [1586188800000, 5.392495974163673], [1586793600000, 5.394556550857197], [1587398400000, 5.396617126608858], [1588003200000, 5.398677702305283], [1588608000000, 5.40073827799847], [1589212800000, 5.4027988536914675], [1589817600000, 5.404859429384453], [1590422400000, 5.406920005077439], [1591027200000, 5.408980580770424]]}